days,mny,bid,ask,mid,model,model/mid,mb,tb
24,-0.44620742949824543,0.05,0.25,0.15,0.02657758815664332,0.1771839210442888,35-46%,~1m
24,-0.4333285325098326,0.05,0.25,0.15,0.03943542700353915,0.26290284669026104,35-46%,~1m
24,-0.4204496355214197,0.05,0.25,0.15,0.05763027347878328,0.38420182319188856,35-46%,~1m
24,-0.40757073853300685,0.1,0.3,0.2,0.0828220933216959,0.4141104666084795,35-46%,~1m
24,-0.3946918415445939,0.1,0.3,0.2,0.11695722781332245,0.5847861390666123,35-46%,~1m
24,-0.381812944556181,0.15,0.35,0.25,0.16224932024003166,0.6489972809601267,35-46%,~1m
24,-0.36893404756776815,0.2,0.4,0.30000000000000004,0.2211418039911582,0.7371393466371939,35-46%,~1m
24,-0.3560551505793552,0.2,0.45,0.325,0.2962528583940358,0.9115472565970333,35-46%,~1m
24,-0.3431762535909423,0.25,0.5,0.375,0.3903053886237716,1.040814369663391,25-35%,~1m
24,-0.33029735660252946,0.35,0.55,0.45,0.5060459913605505,1.12454664746789,25-35%,~1m
24,-0.3174184596141165,0.4,0.6,0.5,0.6461578647803975,1.292315729560795,25-35%,~1m
24,-0.3045395626257036,0.45,0.7,0.575,0.8131731109957022,1.4142141060794822,25-35%,~1m
24,-0.29166066563729076,0.55,0.8,0.675,1.0093898352111843,1.4953923484610137,25-35%,~1m
24,-0.2787817686488778,0.65,0.9,0.775,1.236798911313056,1.5958695629845883,25-35%,~1m
24,-0.265902871660465,0.75,1.0,0.875,1.4970243555208604,1.7108849777381263,25-35%,~1m
24,-0.25302397467205207,0.9,1.15,1.025,1.7912800596067564,1.7475903020553722,25-35%,~1m
24,-0.24014507768363913,1.05,1.3,1.175,2.1203443271233082,1.8045483635091983,15-25%,~1m
24,-0.2272661806952263,1.2,1.45,1.325,2.484552367036383,1.8751338619142512,15-25%,~1m
24,-0.21438728370681337,1.35,1.65,1.5,2.8838057437875104,1.922537162525007,15-25%,~1m
24,-0.20150838671840043,1.55,1.85,1.7000000000000002,3.3175968440935124,1.9515275553491247,15-25%,~1m
24,-0.1886294897299876,1.75,2.05,1.9,3.785045746541759,1.9921293402851363,15-25%,~1m
24,-0.17575059274157467,2.0,2.3,2.15,4.284946484414244,1.9929983648438347,15-25%,~1m
24,-0.16287169575316174,2.3,2.6,2.45,4.815819560945215,1.9656406371204957,15-25%,~1m
24,-0.1499927987647489,2.65,3.0,2.825,5.375967677979697,1.902997408134406,4-15%,~1m
24,-0.13711390177633598,3.0,3.4,3.2,5.96353205884217,1.863603768388178,4-15%,~1m
24,-0.12423500478792304,3.6,4.0,3.8,6.576550401269723,1.7306711582288747,4-15%,~1m
24,-0.11135610779951022,4.2,4.7,4.45,7.2130689348765955,1.6209143673879989,4-15%,~1m
24,-0.09847721081109728,5.1,5.6,5.35,7.871908618410941,1.4713847884880265,4-15%,~1m
24,-0.08559831382268446,6.3,6.8,6.55,8.558669380940538,1.3066670810596241,4-15%,~1m
24,-0.07271941683427152,8.0,8.6,8.3,9.320673172584353,1.1229726713957051,4-15%,~1m
24,-0.059840519845858586,10.6,11.3,10.95,10.390328951886374,0.9488884887567466,4-15%,~1m
24,-0.04696162285744576,14.8,15.4,15.100000000000001,12.587487285772959,0.8336084295213879,4-15%,~1m
59,-0.45908632648665837,0.8,1.05,0.925,0.07242833093708735,0.0783008983103647,35-46%,~2m
59,-0.44620742949824543,0.9,1.2,1.05,0.10238286642323115,0.09750749183164871,35-46%,~2m
59,-0.4333285325098326,1.05,1.3,1.175,0.14369366311947018,0.12229247925061291,35-46%,~2m
59,-0.4204496355214197,1.15,1.45,1.2999999999999998,0.19979283094543712,0.15368679303495164,35-46%,~2m
59,-0.40757073853300685,1.35,1.65,1.5,0.27472802384292705,0.1831520158952847,35-46%,~2m
59,-0.3946918415445939,1.5,1.8,1.65,0.37313946823139293,0.22614513226145028,35-46%,~2m
59,-0.381812944556181,1.7,2.0,1.85,0.5002008132787811,0.2703788179885303,35-46%,~2m
59,-0.36893404756776815,1.95,2.25,2.1,0.6615241473901704,0.315011498757224,35-46%,~2m
59,-0.3560551505793552,2.15,2.5,2.325,0.8630326384364438,0.37119683373610485,35-46%,~2m
59,-0.3431762535909423,2.45,2.8,2.625,1.1108070746860783,0.4231645998804108,25-35%,~2m
59,-0.33029735660252946,2.75,3.1,2.925,1.4109147944462512,0.4823640322893167,25-35%,~2m
59,-0.3174184596141165,3.1,3.5,3.3,1.7692308763224314,0.536130568582555,25-35%,~2m
59,-0.3045395626257036,3.4,3.9,3.65,2.1912619173956203,0.6003457307933207,25-35%,~2m
59,-0.29166066563729076,3.8,4.3,4.05,2.6819822711426564,0.6622178447265819,25-35%,~2m
59,-0.2787817686488778,4.3,4.8,4.55,3.245691375755742,0.713338763902361,25-35%,~2m
59,-0.265902871660465,4.8,5.3,5.05,3.885899008912287,0.7694849522598589,25-35%,~2m
59,-0.25302397467205207,5.4,5.9,5.65,4.605243394868414,0.815087326525383,25-35%,~2m
59,-0.24014507768363913,6.0,6.5,6.25,5.405446198441402,0.8648713917506243,15-25%,~2m
59,-0.2272661806952263,6.8,7.3,7.05,6.287312088221664,0.8918173174782502,15-25%,~2m
59,-0.21438728370681337,7.6,8.1,7.85,7.250799186588206,0.9236686861895804,15-25%,~2m
59,-0.20150838671840043,8.5,9.1,8.8,8.295247139746095,0.9426417204256926,15-25%,~2m
59,-0.1886294897299876,9.6,10.2,9.899999999999999,9.420008332742679,0.9515159932063313,15-25%,~2m
59,-0.17575059274157467,10.8,11.4,11.100000000000001,10.626077803625067,0.9573043066328888,15-25%,~2m
59,-0.16287169575316174,12.3,12.9,12.600000000000001,11.919958900552286,0.9460284841708163,15-25%,~2m
59,-0.1499927987647489,14.0,14.7,14.35,13.32194066530934,0.9283582345163304,4-15%,~2m
59,-0.13711390177633598,16.1,16.8,16.450000000000003,14.88193261143081,0.9046767544942741,4-15%,~2m
59,-0.12423500478792304,18.6,19.3,18.950000000000003,16.706302852505363,0.8815990951190164,4-15%,~2m
59,-0.11135610779951022,21.6,22.4,22.0,18.99773289889173,0.8635333135859877,4-15%,~2m
59,-0.09847721081109728,25.4,26.3,25.85,22.106020596685575,0.8551652068350318,4-15%,~2m
59,-0.08559831382268446,30.3,31.1,30.700000000000003,26.581159354061317,0.8658358095785444,4-15%,~2m
59,-0.07271941683427152,36.5,37.3,36.9,33.212839908297504,0.9000769622844852,4-15%,~2m
59,-0.059840519845858586,44.6,45.6,45.1,43.03637508760853,0.9542433500578389,4-15%,~2m
59,-0.04696162285744576,55.5,56.5,56.0,57.28771501100901,1.0229949109108751,4-15%,~2m
87,-0.45908632648665837,2.3,2.65,2.4749999999999996,0.14509953343515827,0.05862607411521547,35-46%,~3m
87,-0.44620742949824543,2.55,2.9,2.7249999999999996,0.19956459148064978,0.07323471246996323,35-46%,~3m
87,-0.4333285325098326,2.85,3.2,3.0250000000000004,0.2726681131630496,0.09013821922745441,35-46%,~3m
87,-0.4204496355214197,3.1,3.6,3.35,0.36949034390694857,0.11029562504685032,35-46%,~3m
87,-0.40757073853300685,3.5,3.9,3.7,0.49590674042868516,0.1340288487645095,35-46%,~3m
87,-0.3946918415445939,3.9,4.3,4.1,0.6585364219348416,0.16061863949630284,35-46%,~3m
87,-0.381812944556181,4.3,4.7,4.5,0.8646458573853193,0.19214352386340428,35-46%,~3m
87,-0.36893404756776815,4.7,5.2,4.95,1.122010086142608,0.22666870427123395,35-46%,~3m
87,-0.3560551505793552,5.2,5.7,5.45,1.4387372615788907,0.2639884883630992,35-46%,~3m
87,-0.3431762535909423,5.8,6.2,6.0,1.823065277147283,0.3038442128578805,25-35%,~3m
87,-0.33029735660252946,6.4,6.8,6.6,2.2831414111722634,0.34593051684428233,25-35%,~3m
87,-0.3174184596141165,7.0,7.5,7.25,2.8267972186342356,0.38990306463920493,25-35%,~3m
87,-0.3045395626257036,7.7,8.2,7.949999999999999,3.4613315318347198,0.4353876140672604,25-35%,~3m
87,-0.29166066563729076,8.5,9.0,8.75,4.193315262105189,0.4792360299548788,25-35%,~3m
87,-0.2787817686488778,9.3,9.8,9.55,5.028434853328591,0.5265376809768157,25-35%,~3m
87,-0.265902871660465,10.3,10.8,10.55,5.9714012458570025,0.5660095967636969,25-35%,~3m
87,-0.25302397467205207,11.3,11.9,11.600000000000001,7.025976380212667,0.6056876189838505,25-35%,~3m
87,-0.24014507768363913,12.5,13.1,12.8,8.195222498400623,0.6402517576875486,15-25%,~3m
87,-0.2272661806952263,13.8,14.5,14.15,9.482176465264113,0.6701184781105379,15-25%,~3m
87,-0.21438728370681337,15.3,16.0,15.65,10.891303467015273,0.6959299339945861,15-25%,~3m
87,-0.20150838671840043,17.0,17.7,17.35,12.431285100223947,0.7165005821454724,15-25%,~3m
87,-0.1886294897299876,18.9,19.6,19.25,14.119903131657084,0.7335014613847836,15-25%,~3m
87,-0.17575059274157467,21.1,21.8,21.450000000000003,15.991899395558029,0.7455430953640105,15-25%,~3m
87,-0.16287169575316174,23.6,24.4,24.0,18.1105875318929,0.7546078138288709,15-25%,~3m
87,-0.1499927987647489,26.6,27.4,27.0,20.583520237533566,0.7623526013901321,4-15%,~3m
87,-0.13711390177633598,30.1,31.0,30.55,23.5815967253975,0.7719016931390343,4-15%,~3m
87,-0.12423500478792304,34.3,35.2,34.75,27.35969411577403,0.7873293270726339,4-15%,~3m
87,-0.11135610779951022,39.2,40.1,39.650000000000006,32.27548390884231,0.8140096824424289,4-15%,~3m
87,-0.09847721081109728,45.0,46.0,45.5,38.801983721401534,0.8527908510198139,4-15%,~3m
87,-0.08559831382268446,52.3,53.2,52.75,47.52908627060357,0.9010253321441435,4-15%,~3m
87,-0.07271941683427152,60.9,62.1,61.5,59.15016993715145,0.9617913810918935,4-15%,~3m
87,-0.059840519845858586,71.7,72.9,72.30000000000001,74.43199358222826,1.029488154664291,4-15%,~3m
87,-0.04696162285744576,85.1,86.4,85.75,94.16908279180741,1.09818172351962,4-15%,~3m
115,-0.45908632648665837,4.5,4.9,4.7,0.25814056568795435,0.05492352461445837,35-46%,4-6m
115,-0.44620742949824543,4.9,5.3,5.1,0.34796848566318783,0.06822911483591919,35-46%,4-6m
115,-0.4333285325098326,5.3,5.8,5.55,0.4656654435148003,0.08390368351618024,35-46%,4-6m
115,-0.4204496355214197,5.8,6.3,6.05,0.6179774416194164,0.10214503167263081,35-46%,4-6m
115,-0.40757073853300685,6.4,6.8,6.6,0.8125282532313105,0.12311034139868342,35-46%,4-6m
115,-0.3946918415445939,6.9,7.4,7.15,1.0577288463299854,0.14793410438181614,35-46%,4-6m
115,-0.381812944556181,7.5,8.0,7.75,1.3626404885504144,0.1758245791677954,35-46%,4-6m
115,-0.36893404756776815,8.2,8.7,8.45,1.736796754955438,0.2055380775095193,35-46%,4-6m
115,-0.3560551505793552,8.9,9.4,9.15,2.1899934047979133,0.23934354150796866,35-46%,4-6m
115,-0.3431762535909423,9.7,10.2,9.95,2.732059017905946,0.27457879576944183,25-35%,4-6m
115,-0.33029735660252946,10.5,11.0,10.75,3.3726242104386057,0.3137324846919633,25-35%,4-6m
115,-0.3174184596141165,11.4,12.0,11.7,4.120914866051112,0.35221494581633433,25-35%,4-6m
115,-0.3045395626257036,12.4,13.0,12.7,4.985607796288813,0.3925675430148671,25-35%,4-6m
115,-0.29166066563729076,13.5,14.1,13.8,5.974809010729574,0.43295717469054884,25-35%,4-6m
115,-0.2787817686488778,14.7,15.4,15.05,7.096248584088883,0.47151153382650385,25-35%,4-6m
115,-0.265902871660465,16.0,16.7,16.35,8.35783318055935,0.5111824575265657,25-35%,4-6m
115,-0.25302397467205207,17.5,18.2,17.85,9.768754190559992,0.5472691423282908,25-35%,4-6m
115,-0.24014507768363913,19.1,19.9,19.5,11.341405310924092,0.581610528765338,15-25%,4-6m
115,-0.2272661806952263,21.0,21.7,21.35,13.094398572586417,0.6133207762335559,15-25%,4-6m
115,-0.21438728370681337,22.9,23.8,23.35,15.056955249270553,0.6448374839088031,15-25%,4-6m
115,-0.20150838671840043,25.3,26.2,25.75,17.27485898257391,0.6708683100028703,15-25%,4-6m
115,-0.1886294897299876,27.9,28.9,28.4,19.817971873539825,0.6978159110401347,15-25%,4-6m
115,-0.17575059274157467,31.1,31.9,31.5,22.78902846400238,0.7234612210794407,15-25%,4-6m
115,-0.16287169575316174,34.5,35.5,35.0,26.333064206237196,0.7523732630353485,15-25%,4-6m
115,-0.1499927987647489,38.5,39.5,39.0,30.646462163638578,0.7858067221445789,4-15%,4-6m
115,-0.13711390177633598,43.2,44.1,43.650000000000006,35.9842964402291,0.8243825072217433,4-15%,4-6m
115,-0.12423500478792304,48.6,49.5,49.05,42.66450250491877,0.8698165648301484,4-15%,4-6m
115,-0.11135610779951022,54.8,55.8,55.3,51.067486221613485,0.923462680318508,4-15%,4-6m
115,-0.09847721081109728,62.0,63.2,62.6,61.63012867477267,0.984506847839819,4-15%,4-6m
115,-0.08559831382268446,70.8,71.9,71.35,74.8337316196864,1.048825951221954,4-15%,4-6m
115,-0.07271941683427152,80.9,82.2,81.55000000000001,91.18620064046684,1.1181630979824257,4-15%,4-6m
115,-0.059840519845858586,93.2,94.6,93.9,111.19955841406234,1.1842338489250515,4-15%,4-6m
115,-0.04696162285744576,108.0,109.4,108.7,135.36457937026836,1.2453043180337475,4-15%,4-6m
150,-0.45908632648665837,7.4,7.9,7.65,0.4581463774101635,0.05988841534773379,35-46%,4-6m
150,-0.44620742949824543,8.0,8.5,8.25,0.6055118893481053,0.07339538052704307,35-46%,4-6m
150,-0.4333285325098326,8.6,9.2,8.899999999999999,0.7939941111471552,0.08921282147720846,35-46%,4-6m
150,-0.4204496355214197,9.4,9.9,9.65,1.0322791550796366,0.10697193316887425,35-46%,4-6m
150,-0.40757073853300685,10.1,10.7,10.399999999999999,1.3299469794840604,0.12787951725808275,35-46%,4-6m
150,-0.3946918415445939,10.9,11.5,11.2,1.6973409917564681,0.15154830283539894,35-46%,4-6m
150,-0.381812944556181,11.8,12.4,12.100000000000001,2.145402467617141,0.1773059890592678,35-46%,4-6m
150,-0.36893404756776815,12.7,13.4,13.05,2.6854856464390027,0.2057843407232952,35-46%,4-6m
150,-0.3560551505793552,13.7,14.4,14.05,3.3291786223220745,0.2369522151118914,35-46%,4-6m
150,-0.3431762535909423,14.8,15.5,15.15,4.088167301847731,0.2698460265246027,25-35%,4-6m
150,-0.33029735660252946,16.0,16.7,16.35,4.9741952630466795,0.304232126180225,25-35%,4-6m
150,-0.3174184596141165,17.3,18.0,17.65,5.999191081076958,0.3398975116757484,25-35%,4-6m
150,-0.3045395626257036,18.7,19.4,19.049999999999997,7.175654958523382,0.37667480097235606,25-35%,4-6m
150,-0.29166066563729076,20.2,21.0,20.6,8.517414800547654,0.41346673789066274,25-35%,4-6m
150,-0.2787817686488778,21.8,22.7,22.25,10.040872683111887,0.4512751767690736,25-35%,4-6m
150,-0.265902871660465,23.7,24.5,24.1,11.766858944730176,0.488251408495028,25-35%,4-6m
150,-0.25302397467205207,25.7,26.6,26.15,13.723185615646251,0.5247872128354207,25-35%,4-6m
150,-0.24014507768363913,28.1,28.9,28.5,15.94793799062615,0.5595767716009176,15-25%,4-6m
150,-0.2272661806952263,30.7,31.5,31.1,18.493461142018216,0.5946450527980134,15-25%,4-6m
150,-0.21438728370681337,33.5,34.4,33.95,21.430891112075205,0.6312486336399176,15-25%,4-6m
150,-0.20150838671840043,36.8,37.7,37.25,24.8549591389974,0.667247225207984,15-25%,4-6m
150,-0.1886294897299876,40.3,41.4,40.849999999999994,28.888678359888242,0.7071891887365543,15-25%,4-6m
150,-0.17575059274157467,44.4,45.5,44.95,33.687426630197066,0.7494421942201794,15-25%,4-6m
150,-0.16287169575316174,49.2,50.1,49.650000000000006,39.44188726303261,0.794398535005692,15-25%,4-6m
150,-0.1499927987647489,54.5,55.5,55.0,46.379318452126235,0.8432603354932042,4-15%,4-6m
150,-0.13711390177633598,60.5,61.6,61.05,54.76270076639311,0.8970139355674548,4-15%,4-6m
150,-0.12423500478792304,67.4,68.5,67.95,64.88745865761636,0.9549294872349722,4-15%,4-6m
150,-0.11135610779951022,75.3,76.5,75.9,77.07565341765887,1.0154895048439903,4-15%,4-6m
150,-0.09847721081109728,84.3,85.6,84.94999999999999,91.66777878386836,1.0790792087565435,4-15%,4-6m
150,-0.08559831382268446,94.7,96.1,95.4,109.01252755957483,1.1426889681297152,4-15%,4-6m
150,-0.07271941683427152,106.8,108.3,107.55,129.45510784283562,1.203673713090057,4-15%,4-6m
150,-0.059840519845858586,121.0,122.5,121.75,153.32484383786573,1.2593416331652216,4-15%,4-6m
150,-0.04696162285744576,137.6,139.2,138.39999999999998,180.9228794898869,1.3072462390887785,4-15%,4-6m
178,-0.45908632648665837,9.9,10.5,10.2,0.6664515070050728,0.06533838303971302,35-46%,4-6m
178,-0.44620742949824543,10.7,11.2,10.95,0.869420430962615,0.0793991261153073,35-46%,4-6m
178,-0.4333285325098326,11.6,12.1,11.85,1.125000769776371,0.09493677382079081,35-46%,4-6m
178,-0.4204496355214197,12.4,13.0,12.7,1.4432942638946535,0.11364521762950029,35-46%,4-6m
178,-0.40757073853300685,13.4,14.0,13.7,1.8352906574428292,0.13396282171115542,35-46%,4-6m
178,-0.3946918415445939,14.4,15.0,14.7,2.312739935840586,0.1573292473360943,35-46%,4-6m
178,-0.381812944556181,15.5,16.1,15.8,2.888020274074303,0.18278609329584194,35-46%,4-6m
178,-0.36893404756776815,16.7,17.3,17.0,3.57403317846671,0.2102372457921594,35-46%,4-6m
178,-0.3560551505793552,17.9,18.6,18.25,4.384169252199754,0.240228452175329,35-46%,4-6m
178,-0.3431762535909423,19.3,20.0,19.65,5.332400560281132,0.2713689852560373,25-35%,4-6m
178,-0.33029735660252946,20.8,21.5,21.15,6.433567099123013,0.30418756969848765,25-35%,4-6m
178,-0.3174184596141165,22.4,23.1,22.75,7.703932934991371,0.33863441472489547,25-35%,4-6m
178,-0.3045395626257036,24.2,24.9,24.549999999999997,9.162089031298029,0.373201182537598,25-35%,4-6m
178,-0.29166066563729076,26.1,26.8,26.450000000000003,10.830271271215562,0.4094620518417981,25-35%,4-6m
178,-0.2787817686488778,28.2,29.0,28.6,12.73614080667089,0.4453196086248563,25-35%,4-6m
178,-0.265902871660465,30.6,31.4,31.0,14.915038059147415,0.48113025997249725,25-35%,4-6m
178,-0.25302397467205207,33.2,34.0,33.6,17.41267202329213,0.5182342864075039,25-35%,4-6m
178,-0.24014507768363913,36.0,36.9,36.45,20.288146204890747,0.5566020906691562,15-25%,4-6m
178,-0.2272661806952263,39.3,40.1,39.7,23.617157508650934,0.594890617346371,15-25%,4-6m
178,-0.21438728370681337,42.9,43.8,43.349999999999994,27.495142833953917,0.6342593502642196,15-25%,4-6m
178,-0.20150838671840043,46.9,47.8,47.349999999999994,32.04009932824629,0.676665244524737,15-25%,4-6m
178,-0.1886294897299876,51.4,52.3,51.849999999999994,37.39477714768104,0.7212107453747549,15-25%,4-6m
178,-0.17575059274157467,56.4,57.4,56.9,43.72794522792116,0.768505188539915,15-25%,4-6m
178,-0.16287169575316174,62.0,63.1,62.55,51.23446471977335,0.819096158589502,15-25%,4-6m
178,-0.1499927987647489,68.5,69.5,69.0,60.133970943844936,0.8715068252731151,4-15%,4-6m
178,-0.13711390177633598,75.6,76.8,76.19999999999999,70.66805810590297,0.9274023373478082,4-15%,4-6m
178,-0.12423500478792304,83.8,84.9,84.35,83.09597284396477,0.9851330509065178,4-15%,4-6m
178,-0.11135610779951022,92.9,94.2,93.55000000000001,97.6889414818968,1.0442430944083034,4-15%,4-6m
178,-0.09847721081109728,103.4,104.7,104.05000000000001,114.72336904554018,1.1025792315765515,4-15%,4-6m
178,-0.08559831382268446,115.2,116.7,115.95,134.47324366295658,1.1597519936434375,4-15%,4-6m
178,-0.07271941683427152,128.9,130.3,129.60000000000002,157.20214811192105,1.2129795379006252,4-15%,4-6m
178,-0.059840519845858586,144.4,146.0,145.2,183.15531455714185,1.2614002379968448,4-15%,4-6m
178,-0.04696162285744576,162.3,163.9,163.10000000000002,212.55215650283233,1.3032014500480216,4-15%,4-6m
206,-0.45908632648665837,12.5,13.1,12.8,0.9404203749777078,0.07347034179513341,35-46%,7-10m
206,-0.44620742949824543,13.5,14.1,13.8,1.212216968907302,0.08784180934110883,35-46%,7-10m
206,-0.4333285325098326,14.5,15.1,14.8,1.5495937789969887,0.10470228236466139,35-46%,7-10m
206,-0.4204496355214197,15.5,16.2,15.85,1.9640496722461156,0.1239148058199442,35-46%,7-10m
206,-0.40757073853300685,16.7,17.4,17.049999999999997,2.4680159399692085,0.14475166803338468,35-46%,7-10m
206,-0.3946918415445939,17.9,18.6,18.25,3.074799263607554,0.1684821514305509,35-46%,7-10m
206,-0.381812944556181,19.2,20.0,19.6,3.7985739696813194,0.19380479437149586,35-46%,7-10m
206,-0.36893404756776815,20.7,21.4,21.049999999999997,4.654465970185905,0.22111477293044682,35-46%,7-10m
206,-0.3560551505793552,22.2,22.9,22.549999999999997,5.658777572415531,0.25094357305612114,35-46%,7-10m
206,-0.3431762535909423,23.8,24.6,24.200000000000003,6.82940566519215,0.28220684566909704,25-35%,7-10m
206,-0.33029735660252946,25.6,26.4,26.0,8.186503889365925,0.31486553420638175,25-35%,7-10m
206,-0.3174184596141165,27.6,28.4,28.0,9.753430696958194,0.3483368106056498,25-35%,7-10m
206,-0.3045395626257036,29.7,30.6,30.15,11.558008654365425,0.38335020412488974,25-35%,7-10m
206,-0.29166066563729076,32.1,33.0,32.55,13.634095814422587,0.4188662308578368,25-35%,7-10m
206,-0.2787817686488778,34.6,35.6,35.1,16.023438512548346,0.4565082197307221,25-35%,7-10m
206,-0.265902871660465,37.5,38.4,37.95,18.777738858642373,0.4948020779615908,25-35%,7-10m
206,-0.25302397467205207,40.6,41.6,41.1,21.96083298514339,0.5343268366214937,25-35%,7-10m
206,-0.24014507768363913,44.0,45.1,44.55,25.650842066137937,0.575776477354387,15-25%,7-10m
206,-0.2272661806952263,47.8,48.9,48.349999999999994,29.94213179748421,0.6192788375901594,15-25%,7-10m
206,-0.21438728370681337,52.1,53.2,52.650000000000006,34.94690158790347,0.663758814585061,15-25%,7-10m
206,-0.20150838671840043,56.8,57.9,57.349999999999994,40.79622528363729,0.7113552795751926,15-25%,7-10m
206,-0.1886294897299876,62.0,63.2,62.6,47.640382400631914,0.7610284728535449,15-25%,7-10m
206,-0.17575059274157467,67.9,69.1,68.5,55.64835226254118,0.812384704562645,15-25%,7-10m
206,-0.16287169575316174,74.4,75.7,75.05000000000001,65.00639092186427,0.866174429338631,15-25%,7-10m
206,-0.1499927987647489,81.7,83.0,82.35,75.91566837906453,0.9218660398186342,4-15%,7-10m
206,-0.13711390177633598,89.8,91.3,90.55,88.58900630448024,0.9783435262780811,4-15%,7-10m
206,-0.12423500478792304,99.1,100.5,99.8,103.246818517386,1.0345372596932465,4-15%,7-10m
206,-0.11135610779951022,109.3,110.8,110.05,120.11241228541108,1.0914349139973747,4-15%,7-10m
206,-0.09847721081109728,120.7,122.4,121.55000000000001,139.40685320399587,1.1469095286219322,4-15%,7-10m
206,-0.08559831382268446,133.7,135.4,134.55,161.3436263638553,1.1991350900323692,4-15%,7-10m
206,-0.07271941683427152,148.3,150.1,149.2,186.123339637322,1.2474754667380832,4-15%,7-10m
206,-0.059840519845858586,164.8,166.7,165.75,213.92871080522303,1.2906709550843019,4-15%,7-10m
206,-0.04696162285744576,183.5,185.4,184.45,244.92006007968922,1.3278398486293805,4-15%,7-10m
241,-0.45908632648665837,15.9,16.5,16.2,1.3663808121364511,0.08434449457632415,35-46%,7-10m
241,-0.44620742949824543,17.1,17.7,17.4,1.7384977160224084,0.0999136618403683,35-46%,7-10m
241,-0.4333285325098326,18.3,19.0,18.65,2.1937909402307967,0.11762954103114193,35-46%,7-10m
241,-0.4204496355214197,19.7,20.3,20.0,2.745731899088018,0.1372865949544009,35-46%,7-10m
241,-0.40757073853300685,21.1,21.8,21.450000000000003,3.408991394930681,0.15892733775900608,35-46%,7-10m
241,-0.3946918415445939,22.6,23.3,22.950000000000003,4.199547030804596,0.18298679872786908,35-46%,7-10m
241,-0.381812944556181,24.2,25.0,24.6,5.13489313269091,0.20873549319881746,35-46%,7-10m
241,-0.36893404756776815,26.0,26.8,26.4,6.23438787065268,0.2361510557065409,35-46%,7-10m
241,-0.3560551505793552,27.9,28.7,28.299999999999997,7.51976867205889,0.26571620749324704,35-46%,7-10m
241,-0.3431762535909423,30.0,30.8,30.4,9.015858894664095,0.29657430574552945,25-35%,7-10m
241,-0.33029735660252946,32.2,33.1,32.650000000000006,10.751475960924349,0.3292948226929356,25-35%,7-10m
241,-0.3174184596141165,34.6,35.5,35.05,12.760534216699977,0.3640665967674744,25-35%,7-10m
241,-0.3045395626257036,37.3,38.2,37.75,15.083315758463412,0.39955803333677914,25-35%,7-10m
241,-0.29166066563729076,40.1,41.1,40.6,17.767861032604614,0.43763204513804466,25-35%,7-10m
241,-0.2787817686488778,43.3,44.3,43.8,20.871410226137638,0.4765162152086219,25-35%,7-10m
241,-0.265902871660465,46.7,47.7,47.2,24.461808606622654,0.5182586569199714,25-35%,7-10m
241,-0.25302397467205207,50.5,51.6,51.05,28.618776208655923,0.5606028640285196,25-35%,7-10m
241,-0.24014507768363913,54.7,55.8,55.25,33.43493641225994,0.6051572201314016,15-25%,7-10m
241,-0.2272661806952263,59.3,60.4,59.849999999999994,39.01650020703065,0.6519047653639207,15-25%,7-10m
241,-0.21438728370681337,64.3,65.5,64.9,45.48351369286319,0.7008245561304035,15-25%,7-10m
241,-0.20150838671840043,70.0,71.0,70.5,52.96959518791204,0.7513417757150644,15-25%,7-10m
241,-0.1886294897299876,76.2,77.3,76.75,61.621113936866344,0.8028809633467927,15-25%,7-10m
241,-0.17575059274157467,83.0,84.2,83.6,71.59579290049409,0.8564090059867715,15-25%,7-10m
241,-0.16287169575316174,90.6,91.9,91.25,83.06075106125274,0.910254806150715,15-25%,7-10m
241,-0.1499927987647489,99.0,100.4,99.7,96.19003349680713,0.9647947191254477,4-15%,7-10m
241,-0.13711390177633598,108.3,109.8,109.05,111.16170761596952,1.019364581531128,4-15%,7-10m
241,-0.12423500478792304,118.7,120.3,119.5,128.1546291916884,1.0724236752442544,4-15%,7-10m
241,-0.11135610779951022,130.2,131.9,131.05,147.34500043814757,1.1243418575974633,4-15%,7-10m
241,-0.09847721081109728,143.0,144.8,143.9,168.90285326722284,1.1737515862906382,4-15%,7-10m
241,-0.08559831382268446,157.3,159.1,158.2,192.9885936060379,1.219902614450303,4-15%,7-10m
241,-0.07271941683427152,173.2,175.0,174.1,219.74973750328857,1.2622041212136046,4-15%,7-10m
241,-0.059840519845858586,190.8,192.7,191.75,249.3179575148666,1.3002240287607125,4-15%,7-10m
241,-0.04696162285744576,210.4,212.4,211.4,281.8065398076179,1.333048911105099,4-15%,7-10m
268,-0.45908632648665837,18.4,19.0,18.7,1.7576718580474495,0.09399314748916843,35-46%,7-10m
268,-0.44620742949824543,19.7,20.4,20.049999999999997,2.217334847439967,0.11059026670523527,35-46%,7-10m
268,-0.4333285325098326,21.2,21.8,21.5,2.77497326831023,0.12906852410745256,35-46%,7-10m
268,-0.4204496355214197,22.7,23.4,23.049999999999997,3.445920647027138,0.14949764195345502,35-46%,7-10m
268,-0.40757073853300685,24.3,25.0,24.65,4.247064445171453,0.17229470365807115,35-46%,7-10m
268,-0.3946918415445939,26.0,26.8,26.4,5.19708349871123,0.19685922343603143,35-46%,7-10m
268,-0.381812944556181,27.9,28.7,28.299999999999997,6.316800188193752,0.22320848721532693,35-46%,7-10m
268,-0.36893404756776815,29.9,30.7,30.299999999999997,7.629667077831049,0.2518041939878234,35-46%,7-10m
268,-0.3560551505793552,32.0,32.9,32.45,9.162399505486826,0.28235437613210557,35-46%,7-10m
268,-0.3431762535909423,34.4,35.3,34.849999999999994,10.945754288826054,0.3140819021183947,25-35%,7-10m
268,-0.33029735660252946,36.9,37.8,37.349999999999994,13.015441034235062,0.34847231684698965,25-35%,7-10m
268,-0.3174184596141165,39.7,40.6,40.150000000000006,15.413137564760321,0.3838888559093479,25-35%,7-10m
268,-0.3045395626257036,42.7,43.6,43.150000000000006,18.18756606739882,0.4214963167415717,25-35%,7-10m
268,-0.29166066563729076,45.9,46.9,46.4,21.395573179575514,0.46111149093912746,25-35%,7-10m
268,-0.2787817686488778,49.5,50.5,50.0,25.103146837461004,0.5020629367492201,25-35%,7-10m
268,-0.265902871660465,53.4,54.5,53.95,29.386296538746617,0.5446950238877963,25-35%,7-10m
268,-0.25302397467205207,57.6,58.7,58.150000000000006,34.331722619585,0.5903993571725709,25-35%,7-10m
268,-0.24014507768363913,62.3,63.5,62.9,40.03720463771786,0.6365215363707133,15-25%,7-10m
268,-0.2272661806952263,67.6,68.4,68.0,46.61164890509324,0.6854654250749006,15-25%,7-10m
268,-0.21438728370681337,73.0,74.2,73.6,54.17475003098299,0.7360699732470516,15-25%,7-10m
268,-0.20150838671840043,79.2,80.4,79.80000000000001,62.85623998715145,0.7876721802901183,15-25%,7-10m
268,-0.1886294897299876,86.1,87.3,86.69999999999999,72.79471932642176,0.8396161398664563,15-25%,7-10m
268,-0.17575059274157467,93.6,95.0,94.3,84.13608722232325,0.8922172558040642,15-25%,7-10m
268,-0.16287169575316174,101.9,103.3,102.6,97.0316083607792,0.9457271770056453,15-25%,7-10m
268,-0.1499927987647489,111.2,112.5,111.85,111.63567392366885,0.9980838079898869,4-15%,7-10m
268,-0.13711390177633598,121.5,122.7,122.1,128.10332970917943,1.0491673194854991,4-15%,7-10m
268,-0.12423500478792304,132.7,133.8,133.25,146.58765590794908,1.1000949786712877,4-15%,7-10m
268,-0.11135610779951022,144.9,146.2,145.55,167.23708964438217,1.1490009594255044,4-15%,7-10m
268,-0.09847721081109728,158.7,159.9,159.3,190.19278293359272,1.1939283297777321,4-15%,7-10m
268,-0.08559831382268446,173.7,175.0,174.35,215.58608539484982,1.2365132514760528,4-15%,7-10m
268,-0.07271941683427152,190.3,191.7,191.0,243.536233413878,1.275058813685225,4-15%,7-10m
268,-0.059840519845858586,208.6,210.1,209.35,274.14831621154076,1.30952145312415,4-15%,7-10m
268,-0.04696162285744576,228.8,230.4,229.60000000000002,307.5115753675608,1.3393361296496549,4-15%,7-10m
297,-0.45908632648665837,21.1,21.8,21.450000000000003,2.241125490240124,0.10448137483636939,35-46%,7-10m
297,-0.44620742949824543,22.7,23.3,23.0,2.805094854220611,0.12196064583567874,35-46%,7-10m
297,-0.4333285325098326,24.3,25.0,24.65,3.4844134097728774,0.1413555135810498,35-46%,7-10m
297,-0.4204496355214197,26.0,26.7,26.35,4.296780501156865,0.16306567366819222,35-46%,7-10m
297,-0.40757073853300685,27.8,28.6,28.200000000000003,5.261900103486554,0.18659220225129622,35-46%,7-10m
297,-0.3946918415445939,29.8,30.6,30.200000000000003,6.4018219959151805,0.21198086079189338,35-46%,7-10m
297,-0.381812944556181,31.9,32.7,32.3,7.741386592352653,0.2396714115279459,35-46%,7-10m
297,-0.36893404756776815,34.2,35.0,34.6,9.308777347015887,0.2690398077172222,35-46%,7-10m
297,-0.3560551505793552,36.6,37.5,37.05,11.136175284186667,0.30057153263661723,35-46%,7-10m
297,-0.3431762535909423,39.3,40.2,39.75,13.260499647085679,0.33359747539838186,25-35%,7-10m
297,-0.33029735660252946,42.1,43.0,42.55,15.72420782104044,0.3695465997894346,25-35%,7-10m
297,-0.3174184596141165,45.2,46.2,45.7,18.57611756820283,0.40647959667839884,25-35%,7-10m
297,-0.3045395626257036,48.6,49.6,49.1,21.872206219240557,0.4454624484570378,25-35%,7-10m
297,-0.29166066563729076,52.2,53.3,52.75,25.67633569251135,0.4867551790049545,25-35%,7-10m
297,-0.2787817686488778,56.2,57.3,56.75,30.06084973257434,0.529706603217169,25-35%,7-10m
297,-0.265902871660465,60.6,61.7,61.150000000000006,35.10699097218632,0.5741126896514523,25-35%,7-10m
297,-0.25302397467205207,65.3,66.5,65.9,40.90509039522657,0.6207145735239237,25-35%,7-10m
297,-0.24014507768363913,70.5,71.7,71.1,47.55449025416845,0.6688395253750837,15-25%,7-10m
297,-0.2272661806952263,76.1,77.4,76.75,55.16317291993367,0.7187384093802432,15-25%,7-10m
297,-0.21438728370681337,82.4,83.6,83.0,63.847081722950875,0.7692419484692876,15-25%,7-10m
297,-0.20150838671840043,89.2,90.5,89.85,73.72913463487501,0.8205802407888149,15-25%,7-10m
297,-0.1886294897299876,96.6,98.0,97.3,84.93794662778797,0.872949091755272,15-25%,7-10m
297,-0.17575059274157467,104.8,106.2,105.5,97.60629074283355,0.9251781113064792,15-25%,7-10m
297,-0.16287169575316174,113.7,115.2,114.45,111.86934041769469,0.9774516419195691,15-25%,7-10m
297,-0.1499927987647489,123.6,125.1,124.35,127.86274574378517,1.0282488600223978,4-15%,7-10m
297,-0.13711390177633598,134.4,136.0,135.2,145.72060354047846,1.0778151149443673,4-15%,7-10m
297,-0.12423500478792304,146.3,148.0,147.15,165.57338516590667,1.1252013942637218,4-15%,7-10m
297,-0.11135610779951022,159.4,161.1,160.25,187.54588678139504,1.1703331468417788,4-15%,7-10m
297,-0.09847721081109728,173.7,175.6,174.64999999999998,211.75526450836415,1.2124549928907196,4-15%,7-10m
297,-0.08559831382268446,189.5,191.4,190.45,238.30921189791997,1.2512954155837226,4-15%,7-10m
297,-0.07271941683427152,206.7,208.7,207.7,267.3043298430092,1.2869731817188697,4-15%,7-10m
297,-0.059840519845858586,225.6,227.7,226.64999999999998,298.8247300569358,1.3184413415262997,4-15%,7-10m
297,-0.04696162285744576,246.4,248.4,247.4,332.9409031159963,1.3457595113823617,4-15%,7-10m
