muJ,dJ,sig,lam,fit_err,rmse,bias
-0.25,0.15,0.1039601287861491,0.1251391575293244,1.8052226380403418e-12,1.172743283498476,-0.8195105402036349
-0.18,0.15,0.09511460696273055,0.2259852573519335,1.4435785899886864e-10,1.3147414442765204,-0.8962471525598499
-0.14,0.15,0.08618635386003694,0.33321645634733504,7.426947945532447e-12,1.3859449276312208,-0.9342416179571813
-0.1,0.15,0.06652464632571278,0.5238496757983097,8.881784197001249e-15,1.433380480470469,-0.9521755847990548
-0.25,0.1,0.09334609952260192,0.17583991249779374,3.4638958368304884e-14,1.502736823353027,-1.0027691152101625
-0.18,0.1,0.07832550579858487,0.361859490944608,2.3314683517128316e-14,1.6790803380360488,-1.1195440562256973
-0.25,0.06,0.08252077760678181,0.22190065576359286,1.1672662836235845e-10,1.7297837870698023,-1.149970896580404
-0.14,0.1,0.06456605044862042,0.5849449189616278,2.6645352591003757e-15,1.7839947144178723,-1.1897501564723922
-0.1,0.1,0.03439943563072573,1.015195949528471,1.7763568394002505e-15,1.8818469431861236,-1.2537017810048523
-0.25,0.03,0.07547220560752269,0.2489261366691986,1.99840144432528e-14,1.8903532895285653,-1.2511419961942662
-0.18,0.06,0.051867226128952955,0.5221722523988838,1.665334536937736e-14,1.9940710234606835,-1.3265989770209512
-0.18,0.03,0.010316329229387885,0.6423296965134015,1.6697754290362354e-13,2.2060214367583635,-1.4691976835815521
-0.04,0.03,0.010000000000001346,8.033590947693433,2.803335494434312,,
-0.04,0.06,0.010000000000015113,3.8894305649656764,2.1642718832390964,,
-0.04,0.1,0.010000000000000014,1.7505648707845298,1.8452745307413796,,
-0.04,0.15,0.010000000000000111,0.8422807131968029,1.7174035413318034,,
-0.07,0.03,0.010000000000000031,3.483678938349852,2.251161335119265,,
-0.07,0.06,0.01000000000000012,2.4158349093517337,1.3636564131319968,,
-0.07,0.1,0.010000000000000014,1.407004026283222,0.5729330961588808,,
-0.07,0.15,0.010000000000000014,0.7753385013007302,0.11142272531657316,,
-0.1,0.03,0.010000000000000014,1.8719464266411545,1.6632434613346883,,
-0.1,0.06,0.010000000000001594,1.531287047440989,0.8200973991026221,,
-0.14,0.03,0.010000000000000014,1.0154599691468749,0.8356151345567153,,
-0.14,0.06,0.010000000000000156,0.9176520594568023,0.13705930574244363,,
